,pH,WHC_Eurofins,N.Tot_Eurofins,P.PAE_Eurofins,K_Eurofins,S.totaal_Eurofins,Mg_Eurofins,CEC_Eurofins,Ca.bez_Eurofins,OC_WUR,texture,Depth_2MPa,BD,fieldmoisture,MWD,PMN,GH_yield,disease_spread,Weightloss_manure,Management.spec,main.fertilizer.cat,till.depth,external.om.inputs,crop.diversity,cover.crop,Respiration,nema.count.gram,co-response_group_PMN,co-response_group_GH_yield,co-response_group_Weightloss_manure,co-response_group_disease_spread
MC54 1A,7.846,2.4,2180.0,1.1,46.0,2195.0,94.0,249.0,91.0,23.56850488000195,0,33.0,1.03672,0.175390658,2.3351129561635267,0.1071053477499999,0.04,2.0,0.092427986,0,0,23.0,0.0,7.0,0,0.13686537,15.93389433,0.02802645576100033,0.09251634404733103,0.110707241628399,0.03626136284954653
MC08 1A,8.094,1.6,1310.0,1.6,120.0,275.0,80.0,166.0,89.0,12.68335135696511,0,15.5,1.4347,0.144062742,0.7176316720844995,0.0828433103571428,0.06,4.0,0.086512451,0,1,25.0,6960.0,4.0,0,0.175980379,47.91311332,0.03715477076997121,0.076419263235517,0.1031078036434883,0.0337742633945056
MC08 1B,8.043,1.6,1350.0,1.4,93.0,265.0,80.0,185.0,90.0,12.92971609289467,0,16.5,1.4412,0.149024828,1.1023562285402029,0.0021652109285714,0.03,2.0,0.099855559,0,1,25.0,6960.0,4.0,0,0.171370939,13.83051659,0.023096686663340898,0.08015163974579981,0.10566960992808186,0.0348575913123085
MC08 1C,8.054,1.7,1340.0,1.4,134.0,255.0,84.0,177.0,90.0,13.566706483799814,0,10.75,1.4314,0.148866595,0.701116501069134,0.0464150459285714,0.08,5.0,0.085911948,0,1,25.0,6960.0,4.0,0,0.130961422,12.54746585,0.03419879645848446,0.05835574156149081,0.1055069701496119,0.0233563297169508
MO08 2A,8.001,1.1,1260.0,1.7,67.0,255.0,59.0,123.0,92.0,12.125385339360474,0,3.0,1.2447,0.078110129,2.6395041872891727,0.2012497757142857,0.18,2.0,0.107110418,1,2,22.0,0.0,4.0,0,0.209106782,44.43240343,0.04738593517811461,0.0757895602145842,0.1101853697588477,0.033295854834162204
MO08 2B,7.958,1.0,1000.0,2.4,69.0,200.0,67.0,129.0,91.0,11.792454772408464,0,2.0,1.5147,0.065162907,0.8700218180752166,0.1374845040714285,0.41,2.0,0.111875046,1,2,22.0,0.0,4.0,0,0.180555788,60.16050606,0.0422345576694642,0.0904117116285485,0.1178532802087992,0.0337146780556402
MC08 2A,7.932,1.6,1390.0,2.0,104.0,265.0,87.0,167.0,90.0,12.526820189586443,0,16.75,1.1967,0.148819366,1.030168088959,0.0497397426071428,0.18,3.0,0.096647233,0,1,25.0,6960.0,4.0,0,0.144113104,27.66504844,0.028911966406147502,0.09043739421825801,0.10824853295392337,0.0317782662338722
MC08 2C,7.896,1.8,1380.0,1.4,63.0,275.0,87.0,182.0,89.0,14.367264834548845,0,12.75,1.2086,0.14986217,1.4610848684459958,0.0482762378571427,0.08,4.0,0.103304725,0,1,25.0,6960.0,4.0,0,0.138526639,21.79434375,0.024581467747224403,0.0837090938531892,0.11397042837482181,0.0282563343235332
MC26 1A,7.996,1.2,970.0,1.2,63.0,150.0,74.0,147.0,93.0,13.17122053363315,0,25.75,1.355,0.190890092,0.6055242585815626,0.0224227542857143,0.41,5.0,0.081422393,0,1,27.0,0.0,6.0,1,0.147893945,75.332516,0.021823357000321,0.0681427380901489,0.100249873337944,0.0270682118260819
MC26 1B,8.078,1.2,1100.0,1.8,89.0,285.0,67.0,153.0,90.0,14.07092089701196,0,27.75,1.4246,0.170856181,1.2878235368742803,0.0665669212857142,0.27,4.0,0.095316607,0,1,27.0,0.0,6.0,1,0.21916562,70.71363862,0.0351112593967557,0.07929422396204151,0.09732054103064959,0.032202307252275
MC26 1C,8.022,1.6,1140.0,1.6,62.0,245.0,75.0,154.0,92.0,12.8540077940349,0,31.0,1.4944,0.175525042,0.958091235604604,0.0488671871428572,0.05,0.0,0.094473385,0,1,27.0,0.0,6.0,1,0.174638165,37.25335132,0.032608686969181795,0.0813686920233543,0.10366903390409081,0.0264416174299529
MO26 2A,7.959,1.3,1450.0,2.4,228.0,365.0,102.0,140.0,86.0,17.96912595456719,0,8.0,1.64,0.17424704,3.770779985263304,0.17942397325,0.03,3.0,0.099810775,1,2,21.0,2610.0,3.0,0,0.354820473,55.64419774,0.025067548675486603,0.07900805068856881,0.1036109145290867,0.045204261030199804
MO26 2B,7.961,1.4,1480.0,1.8,196.0,315.0,86.0,147.0,87.0,14.472964494663431,0,9.25,1.4861,0.166815199,1.9431761194044928,0.1442455567142857,0.06,0.0,0.087820706,1,2,21.0,2610.0,3.0,0,0.280944871,35.76078808,0.0284534824654283,0.07572107202527541,0.11354497134522991,0.0399850975023318
MO26 2C,7.909,1.5,1610.0,2.9,156.0,365.0,85.0,164.0,89.0,16.56170508234527,0,11.5,1.5064,0.176519719,2.691066670412072,0.1222257235714285,0.01,1.0,0.104276011,1,2,21.0,2610.0,3.0,0,0.288698708,54.885895,0.0212880087359398,0.07738083284796432,0.1144927597454726,0.0389170346507309
MO81 1B,7.75,2.2,1790.0,3.4,69.0,360.0,128.0,230.0,89.0,21.822245227196408,0,14.75,1.4746,0.195716973,1.487402144402303,0.0314616828214285,0.37,0.0,0.10955385,1,1,24.0,3590.0,7.0,1,0.243940642,16.80989299,0.024437956280718598,0.0959961791708887,0.122590262410703,0.0341731235181887
MO81 1C,7.829,2.0,1660.0,3.3,72.0,325.0,94.0,210.0,90.0,19.08980826099435,0,13.75,1.4789,0.192022402,2.46908247588803,0.0565045531785714,0.14,4.0,0.098110562,1,1,24.0,3590.0,7.0,1,0.47439137,36.4583508,0.0316952301736321,0.0945547083746009,0.11474794275864049,0.045666173849239905
MC81 1A,7.907,1.7,1550.0,5.8,143.0,385.0,83.0,175.0,87.0,16.28020333701144,0,23.5,1.4626,0.189187787,0.8874132955031719,0.1045746069285714,0.1,2.0,0.117790018,0,1,24.0,3165.0,5.0,1,0.234005603,23.30300781,0.030045734077837043,0.08795906539585271,0.1103990959425174,0.0331034355970189
MC81 1B,7.902,1.8,1670.0,4.1,122.0,430.0,79.0,183.0,89.0,17.281280145390372,0,23.25,1.4984,0.187191342,1.2376754223196178,0.10475094475,0.2,4.0,0.099643229,0,1,24.0,3165.0,5.0,1,0.196076272,20.97105435,0.02475750223395639,0.08116322884616549,0.11237110958871269,0.0330684173850651
MC81 1C,7.895,1.9,1500.0,2.9,89.0,325.0,80.0,180.0,89.0,15.570276774193548,0,21.5,1.4014,0.177301017,0.8414542777231939,0.0706934732142857,0.06,3.0,0.10439832,0,1,24.0,3165.0,5.0,1,0.165386024,14.48293864,0.025546813248171017,0.0665914249303341,0.07651167201417569,0.025604300708931698
MO07 1A,7.84,0.9,1390.0,4.5,46.0,240.0,65.0,134.0,91.0,12.377318446415522,0,20.5,1.4758,0.162907201,2.044054905862532,0.1029807805,0.17,4.0,0.098770584,1,1,18.0,2872.0,6.0,1,0.273260489,18.74559399,0.03484615245748716,0.07956209364291221,0.09903094120063241,0.029481515112611004
MO07 1B,7.889,1.1,1310.0,3.8,50.0,220.0,52.0,129.0,93.0,12.848041671488389,0,12.75,1.5321,0.162779129,2.632785448576497,0.0788264685357142,0.17,4.0,0.114273914,1,1,18.0,2872.0,6.0,1,0.248831222,29.52047122,0.0377964102882021,0.08775436720455371,0.1299691658643265,0.0471710227950138
MO07 1C,7.935,1.1,1230.0,3.5,41.0,200.0,51.0,123.0,93.0,11.748683316189403,0,18.75,1.5,0.164747696,2.974515585412767,0.1610854007142857,0.12,4.0,0.097834082,1,1,18.0,2872.0,6.0,1,0.258779588,92.61020828,0.029648085756390316,0.0801268360135355,0.11457576882268095,0.04313249537179009
MC07 1A,7.893,1.9,1730.0,1.6,94.0,285.0,53.0,187.0,91.0,16.48605686684886,0,20.0,1.3914,0.190288424,1.2595791721702196,0.0567106931428571,0.03,3.0,0.094094005,0,2,22.0,2212.0,3.0,0,0.226878882,26.46059267,0.034802162835651906,0.0869272995009608,0.11205580954495889,0.0360762739407431
MC07 1B,7.954,1.7,1590.0,2.0,94.0,245.0,54.0,175.0,90.0,16.804341030729255,0,25.5,1.6788,0.150054445,1.1912871593645076,0.1381966642142857,0.17,5.0,0.111464443,0,2,22.0,2212.0,3.0,0,0.193534397,31.85714151,0.03401763936793551,0.05317195450548551,0.079454369494404,0.0448582136143794
MC07 1C,7.928,1.5,1410.0,1.7,84.0,235.0,55.0,165.0,92.0,12.706088937012892,0,35.0,1.6804,0.177668672,0.9106351547578964,0.0956438863928571,0.06,3.0,0.104187635,0,2,22.0,2212.0,3.0,0,0.210069823,16.33820298,0.03408903832929054,0.06970759062097759,0.0946516056589633,0.032926958175623
MO07 2A,7.916,1.5,1450.0,0.9,78.0,235.0,89.0,195.0,91.0,10.401832453202228,0,18.0,1.5887,0.177220312,0.4382908385391084,0.0885523705,0.5,3.0,0.099534856,1,1,18.0,0.0,7.0,1,0.259454255,14.19666402,0.018800968777002998,0.08730418399010373,0.10727044619443521,0.0452930644564155
MO07 2B,7.908,1.8,1570.0,1.3,92.0,265.0,87.0,192.0,92.0,9.693432134868363,0,13.0,1.4856,0.177016102,0.5605361222852783,0.1044802551785714,0.93,6.0,0.127045581,1,1,18.0,0.0,7.0,1,0.205967548,7.829419601,0.03706010697279791,0.10593095598046658,0.129648795509864,0.028056736269923603
MO07 2C,7.907,1.9,1550.0,1.0,84.0,265.0,92.0,198.0,90.0,10.00015177607636,0,9.75,1.5791,0.18733567,0.6650647028081704,0.0557515695,0.46,3.0,0.127058943,1,1,18.0,0.0,7.0,1,0.338403804,20.95747116,0.0337851511070627,0.0963648837116575,0.11173360927101139,0.037635372558268404
MC07 2A,8.048,1.4,970.0,0.9,91.0,225.0,72.0,140.0,90.0,13.988421386082736,0,10.0,1.3531,0.169155063,1.8488696950294352,0.5447551264642857,0.2,4.0,0.117169221,0,1,25.0,6960.0,5.0,0,0.139035696,18.35322994,0.0427280621122317,0.07498375152790608,0.1121890362712319,0.0254264381560537
MC07 2B,8.056,1.2,1010.0,0.8,58.0,235.0,75.0,150.0,91.0,15.069964823612253,0,33.25,1.3599,0.168887168,3.2809079749016705,0.0905511556785714,0.41,5.0,0.11013588,0,1,25.0,6960.0,5.0,0,0.152444892,28.730256,0.0381084620928403,0.0764017404142754,0.12560527353598838,0.035233554926341795
MC07 2C,8.017,1.2,1030.0,0.7,46.0,180.0,77.0,159.0,93.0,14.92019398821711,0,23.5,1.4923,0.172371531,1.350597561307861,0.0863598987857142,0.04,5.0,0.104215576,0,1,25.0,6960.0,5.0,0,0.157426957,30.24585369,0.0363284025550365,0.0785570041292719,0.12677654813656672,0.0339157155487101
MC54 2B,8.025,2.2,1690.0,0.7,130.0,2200.0,102.0,242.0,92.0,21.764801184970736,0,19.5,1.1622,0.162250028,2.114643551874086,0.1341710777142857,0.59,7.0,0.091292065,0,0,23.0,0.0,7.0,0,0.13689029,31.85166775,0.027429550405719896,0.08339376392731719,0.08737335866976932,0.0372799997249879
MC54 2C,8.048,2.4,1830.0,1.0,71.0,2070.0,102.0,257.0,91.0,20.99712962260523,0,25.0,1.0873,0.173861371,0.9338505308519892,0.1638473244642857,0.11,2.0,0.071633031,0,0,23.0,0.0,7.0,0,0.132547255,23.48929089,0.029944010055378598,0.09589845037006241,0.09877979477680408,0.0359172328424947
MO74 1A,7.969,1.6,1700.0,0.7,37.0,630.0,97.0,202.0,93.0,23.26002274793952,0,2.5,1.3896,0.197773606,0.5450543630150674,0.1737016180714285,0.07,4.0,0.122377084,2,2,15.0,1420.0,6.0,1,0.212065094,18.41367155,0.03221485003292718,0.0719179273156085,0.1176025398102705,0.03138146832581781
MO74 1B,8.051,1.7,1830.0,0.7,32.0,955.0,87.0,204.0,92.0,23.905190140199583,0,4.0,1.2421,0.200333977,3.146984341875415,0.1506600775,0.1,3.0,0.095107512,2,2,15.0,1420.0,6.0,1,0.222893874,29.99053205,0.03187677689559405,0.07282627390562305,0.1045054651809615,0.033314788499317474
MO74 1C,8.058,1.8,1830.0,0.6,31.0,945.0,86.0,211.0,92.0,21.72382291208692,0,10.5,1.40448,0.190108525,3.25661413197118,0.1291948139285714,0.13,3.0,0.104042247,2,2,15.0,1420.0,6.0,1,0.216337295,17.81530912,0.022051814835201054,0.06624436154985724,0.11757485797514712,0.029292798074732555
MC74 1A,8.051,1.6,1500.0,0.4,117.0,1105.0,81.0,183.0,91.0,17.1354723260714,0,22.5,1.2608,0.21872665,1.4225063859524538,0.1527268967857143,0.03,3.0,0.113239369,0,1,25.0,2370.0,6.0,0,0.180411297,9.105609054,0.020927669791271454,0.07223357209807969,0.0890617625337689,0.02376261008564352
MC74 1B,8.056,1.9,1420.0,0.5,154.0,990.0,82.0,198.0,91.0,18.49724682114792,0,25.0,1.3654,0.207097033,1.2696834064699234,0.1528767231071428,0.01,1.0,0.110787841,0,1,25.0,2370.0,6.0,0,0.172407548,8.621183311,0.021398341514900988,0.07193722471716402,0.10796047347099556,0.01840566970469601
MO76 1A,8.065,1.1,1140.0,1.0,112.0,685.0,64.0,132.0,89.0,15.196021816405084,0,33.33333333,1.5269,0.148485695,0.8944986339633652,0.1128849090357142,0.59,6.0,0.107976704,1,1,22.0,0.0,5.0,2,0.14711,19.46515152,0.03700849952301672,0.0799053460813686,0.1104070822906767,0.024094503361999
MO76 1B,8.052,1.1,1160.0,0.8,136.0,535.0,71.0,137.0,91.0,16.804955206499002,0,22.5,1.4418,0.159083933,1.5046167280019602,0.0959674651785714,0.21,2.0,0.111710308,1,1,22.0,0.0,5.0,2,0.141047517,23.04071214,0.042048116472637204,0.08463756189619619,0.10991907761102869,0.0238651531270012
MO76 1C,8.042,1.0,1100.0,0.9,95.0,535.0,64.0,129.0,91.0,14.629502730921851,0,27.5,1.59342,0.149809743,0.9396686207647804,0.0586992432142857,0.26,8.0,0.108183515,1,1,22.0,0.0,5.0,2,0.147548956,29.51221462,0.029427460481676698,0.0741161328644685,0.10293452878619648,0.0314350837654897
MC54 3A,7.925,2.0,1860.0,1.6,146.0,2255.0,91.0,237.0,89.0,21.99416326530612,0,16.75,1.2613,0.178151889,3.4300342674905755,0.1035395953571428,0.14,2.0,0.094354462,0,0,23.0,0.0,7.0,0,0.142093078,31.00469121,0.027120064757886295,0.09075866690162689,0.0990682536204428,0.0381673793888494
MC76 1A,8.034,0.9,850.0,1.9,88.0,365.0,68.0,107.0,89.0,11.787084877591472,0,9.75,1.6803,0.133191549,1.4949512512139826,0.0832253919285714,0.31,6.0,0.106493934,0,1,25.0,5723.0,5.0,0,0.184776916,10.64228771,0.03390617223109741,0.07307923611634241,0.1160880311413991,0.0283912264986433
MC76 1B,8.025,1.5,1250.0,1.1,106.0,935.0,90.0,160.0,90.0,14.696402869806096,0,22.25,1.57986,0.164772409,2.1086839476722656,0.0893132859642857,0.01,6.0,0.104586506,0,1,25.0,5723.0,5.0,0,0.145759983,10.2683598,0.026774552467190613,0.06905289832802651,0.10041502651521861,0.03099399196635711
MC76 1C,8.013,0.9,940.0,1.2,79.0,515.0,68.0,118.0,90.0,12.055786682219669,0,14.5,1.40928,0.138144773,0.9993101250996408,0.3319748633928571,0.02,6.0,0.108698973,0,1,25.0,5723.0,5.0,0,0.167866864,4.827515253,0.031309862325201304,0.074427248768582,0.1149471042524081,0.0317379947870528
MO44 1A,7.96,1.5,1130.0,1.1,90.0,780.0,69.0,148.0,93.0,15.849807519657473,0,11.5,1.266,0.18175547,0.7016441996669098,0.1085207904642857,0.09,5.0,0.11729698,1,1,19.0,0.0,7.0,1,0.375207758,16.57492246,0.034317642570872005,0.0670246027818678,0.1255913278387252,0.035425967531007505
MO44 1B,7.959,1.1,1100.0,1.1,61.0,425.0,58.0,136.0,94.0,15.259104360501944,0,19.0,1.4816,0.184803624,0.7147196803221025,0.3736742604642857,0.1,8.0,0.117878497,1,1,19.0,0.0,7.0,1,0.176949943,40.73573199,0.031190408955163028,0.05531125672041011,0.11663139017582369,0.0262974546757148
MC44 1B,8.054,1.1,970.0,0.6,38.0,475.0,47.0,126.0,94.0,10.992909811798915,0,21.75,1.3734,0.190509285,0.6991990153031498,0.0537820881071428,0.04,2.0,0.116961559,0,0,23.0,0.0,4.0,0,0.204700205,15.28849496,0.025410771123062507,0.0803751689045731,0.1030724429890717,0.0235432876329564
MC44 1C,8.093,1.4,1100.0,0.7,63.0,590.0,44.0,135.0,94.0,11.706836281382609,0,18.75,1.30905,0.18463357,0.7086739024985356,0.0561839251785714,0.09,8.0,0.109204019,0,0,23.0,0.0,4.0,0,0.174877179,12.49347145,0.0189901354553567,0.0576989283461686,0.10903653300156661,0.0237345349349162
MO14 1A,8.075,2.1,1430.0,4.3,54.0,245.0,101.0,194.0,87.0,11.632984777876867,0,26.25,1.36972,0.161335484,1.2253796385521485,0.10674561425,0.02,3.0,0.133840225,1,2,22.0,5850.0,9.0,2,0.198812061,8.036643249,0.03495213328276071,0.0767106644192547,0.12345241767694021,0.0215262231718154
MO14 1B,8.199,2.1,1350.0,5.9,57.0,225.0,101.0,192.0,86.0,12.07741537367266,0,16.25,1.46743,0.171205245,1.05344495281315,0.0901200211071428,0.3,8.0,0.116288502,1,2,22.0,5850.0,9.0,2,0.171925379,5.422792547,0.039328867498975996,0.08813819196547018,0.1176150709744025,0.0278118694458022
MO14 1C,8.193,1.7,1340.0,7.3,90.0,620.0,119.0,193.0,82.0,12.0623738997018,0,23.25,1.4395,0.165986831,0.8849160986274706,0.1165990112857142,0.01,4.0,0.125786505,1,2,22.0,5850.0,9.0,2,0.210176748,7.36853821,0.0388644028942015,0.0872053165774279,0.13181368800262033,0.027400033588401502
MO11 1A,8.09,2.1,1390.0,1.2,88.0,345.0,75.0,200.0,90.0,15.936288853333334,0,50.5,1.51288,0.164133107,1.7318001590652352,0.1009389469642857,0.43,0.0,0.119000663,1,3,20.0,11325.0,5.0,1,0.187537675,7.849180716,0.0413789447849937,0.0873185292563353,0.12911691715361737,0.0256113911604489
MO11 1B,8.066,2.1,1590.0,1.0,138.0,390.0,81.0,194.0,87.0,13.909181039771507,0,40.75,1.5694,0.169722942,1.8096008607677847,0.4844812833214286,0.02,4.0,0.10690982,1,3,20.0,11325.0,5.0,1,0.227023456,5.97564503,0.036127217973487405,0.0810383653872306,0.1440752138147235,0.02636720606500455
MO11 1C,8.041,2.1,1570.0,1.6,114.0,355.0,83.0,204.0,89.0,16.134120530340617,0,24.5,1.6245,0.164267624,1.001680742262083,0.0937211475,0.38,6.0,0.118574722,1,3,20.0,11325.0,5.0,1,0.204340295,6.897967317,0.0364899533796287,0.1091925937271122,0.1263683875056566,0.027311504115893396
MC11 1A,8.146,1.7,1060.0,1.4,96.0,225.0,56.0,150.0,89.0,9.81421531807386,0,1.0,1.31778,0.166125439,0.3995679648463572,0.0099216007499999,0.27,5.0,0.108193736,0,0,32.0,0.0,5.0,0,0.182053971,23.57790713,0.023174407343848503,0.0754832593899657,0.10218433976589018,0.0285496918841488
MO54 1B,7.808,2.2,2530.0,1.7,144.0,1860.0,96.0,264.0,89.0,24.47233359812616,0,12.5,1.447,0.182638573,2.50712040217033,0.0322306356071428,0.63,2.0,0.091856565,1,2,23.0,1530.0,5.0,1,0.267331225,19.73214639,0.03293101117376353,0.09825420771130981,0.09549309627511667,0.0462163719815831
MC11 1B,8.192,1.6,1170.0,1.8,95.0,205.0,55.0,153.0,89.0,10.378606951940808,0,1.75,1.35536,0.169717254,0.6118136787993804,0.0113925081428571,0.09,3.0,0.10843217,0,0,32.0,0.0,5.0,0,0.214132665,43.67031711,0.0355085223405784,0.0904965373878026,0.11543747298619281,0.028792459261278998
MC11 1C,8.158,1.9,1110.0,1.6,49.0,195.0,48.0,161.0,92.0,10.06136954269694,0,3.75,1.3561,0.16571214,0.4012445298189317,0.1230958593928571,0.01,5.0,0.094404009,0,0,32.0,0.0,5.0,0,0.210271029,19.19234998,0.028868530407841,0.08343414129717719,0.11127842318155619,0.0300734717275785
MO05 1B,7.99,1.5,1280.0,0.6,60.0,295.0,59.0,178.0,93.0,13.32540298519406,0,30.5,1.4582,0.156453716,1.0694118650486155,0.0281323536428571,0.21,4.0,0.090487348,1,3,22.0,1936.0,5.0,0,0.190645091,20.85721794,0.03842468269299539,0.08721619517003931,0.11760927122141938,0.0345304747066076
MO05 1C,7.963,1.8,1280.0,0.6,61.0,245.0,56.0,181.0,93.0,13.07979472106388,0,24.5,1.5006,0.15620133,0.790561362783189,0.7993927670357144,0.41,3.0,0.106196648,1,3,22.0,1936.0,5.0,0,0.200507266,14.50784477,0.040796639971021294,0.088951698361799,0.1322944393758821,0.028784047892865497
MC05 1A,7.975,1.7,1100.0,0.6,65.0,185.0,59.0,164.0,93.0,11.5216769265347,0,0.75,1.3417,0.180695217,0.4174457330574898,0.0461699967142857,0.05,4.0,0.118360431,0,1,27.0,2433.2000000000003,6.0,0,0.169729904,22.45904495,0.0340042789057516,0.09942942262287581,0.1108346364720831,0.0350447601644546
MC05 1B,8.034,1.6,1130.0,0.6,71.0,205.0,61.0,160.0,93.0,11.924972063985662,0,2.0,1.2572,0.181264608,0.9576292214676428,0.0379002788214285,0.4,3.0,0.109065455,0,1,27.0,2433.2000000000003,6.0,0,0.2282740879999999,55.08662788,0.0339745837376038,0.08220390548492922,0.12621592174711327,0.0420452608805625
MO06 1B,8.11,1.5,1230.0,1.5,62.0,215.0,67.0,173.0,92.0,13.997246810593392,0,31.0,1.3544,0.18168013,1.7967128096148517,0.0598216211071428,0.56,6.0,0.177092638,1,3,23.0,1936.0,7.0,0,0.278735992,23.84661724,0.0348357907981851,0.1047236975729241,0.13405819621736778,0.0304666563425914
MO06 1C,8.154,1.8,1270.0,1.4,69.0,150.0,62.0,183.0,93.0,12.621022188777289,0,27.5,1.3379,0.17518475,1.7094178554314396,0.427732202,0.27,8.0,0.110881963,1,3,23.0,1936.0,7.0,0,0.188719392,15.65740232,0.0393207140807895,0.08117736957200981,0.14166640453341292,0.027842744316913
MC06 1A,8.18,1.5,920.0,0.9,35.0,150.0,53.0,146.0,96.0,9.19305677394962,0,25.25,1.395,0.144351304,0.8578049209164743,0.0221864247142857,0.32,1.0,0.099473827,0,1,35.0,3590.0,4.0,0,0.151320659,10.58834306,0.0376434202815799,0.0964438988008979,0.11599955810954751,0.0295352903397065
MO54 1C,7.867,2.6,2120.0,1.1,79.0,1870.0,92.0,257.0,91.0,24.051940549472047,0,5.333333333,1.3992,0.182736455,3.622293091889789,0.1837376603928571,0.14,3.0,0.086898627,1,2,23.0,1530.0,5.0,1,0.303106429,19.60604597,0.0371892389668417,0.08038633964710089,0.0968783684760884,0.0272451614873048
MO54 2B,7.946,2.3,1830.0,0.6,45.0,2110.0,67.0,251.0,93.0,20.06716462046193,0,17.25,1.22388,0.160521372,4.174670618068033,0.0112096427857143,0.54,3.0,0.088905259,1,1,23.0,1975.0,4.0,1,0.139772696,18.63693788,0.035941041942234096,0.10021235401221872,0.10348792761495454,0.03216620882080409
MO16 1A,7.993,1.8,1460.0,2.5,39.0,335.0,71.0,183.0,92.0,15.795244506616251,0,9.75,1.4865,0.163382824,0.807491729021588,0.1317332266785714,0.18,2.0,0.10029925,1,2,17.0,4350.0,6.0,3,0.215523513,39.55990171,0.03934232781987121,0.08302732077856631,0.11066257908273451,0.036310509065041796
MO16 1C,7.975,1.8,1530.0,1.7,40.0,440.0,71.0,174.0,92.0,15.850594635149756,0,12.0,1.3687,0.147057964,0.719611312151518,0.3821809465,0.05,3.0,0.10877087,1,2,17.0,4350.0,6.0,3,0.182049216,23.97737084,0.0350515283550711,0.0715785959258826,0.1246135842859358,0.0359179634721338
MC16 1A ,7.964,1.4,1210.0,2.5,71.0,255.0,58.0,153.0,90.0,11.459344481324438,0,23.5,1.4741,0.146574466,0.693934805255888,0.1917504310357142,0.08,4.0,0.107798182,0,1,28.0,316.0,5.0,1,0.153624853,22.66000622,0.0411476975448442,0.0763737907776035,0.1096407817787431,0.028021760183809603
MO54 2C,7.837,2.4,1940.0,0.7,80.0,2070.0,71.0,252.0,91.0,21.73222786699992,0,14.33333333,1.2098,0.170183192,1.6953082108203767,0.1057093075357142,0.51,2.0,0.068693873,1,1,23.0,1975.0,4.0,1,0.177086254,22.04028977,0.039401731944703096,0.1039712708737257,0.08487576042572981,0.023936779901890602
MC16 1C,8.051,1.4,1310.0,2.1,83.0,285.0,62.0,154.0,90.0,10.845218344473006,0,23.5,1.5978,0.111337407,0.868466913799167,0.0967468082142857,0.09,6.0,0.135722824,0,1,28.0,316.0,5.0,1,0.12063817,123.1696313,0.038517848254945496,0.0835282349751652,0.1204909422661182,0.0345421052917255
MO16 2A,8.12,1.5,1180.0,1.8,58.0,175.0,53.0,149.0,93.0,10.230787343031446,0,13.5,1.49106,0.117365554,1.0371259056829774,0.0530461731428571,0.19,7.0,0.091462117,1,2,17.0,4350.0,5.0,3,0.12377938,31.00775339,0.0295333409608134,0.05835065110807369,0.1060959587469484,0.035115516186224
MO16 2B,8.156,1.5,1140.0,0.6,47.0,150.0,55.0,159.0,93.0,10.458853128787874,0,18.5,1.4767,0.134459395,1.982746317908476,0.0460650795,0.24,5.0,0.104417709,1,2,17.0,4350.0,5.0,3,0.156453314,24.9851392,0.030037502488416905,0.09330443533373219,0.1175251823340972,0.0275156036743709
MC16 2A,8.11,1.7,1320.0,1.5,86.0,215.0,72.0,174.0,91.0,12.113591265613517,0,20.0,1.6147,0.157683844,2.346621724959879,0.0182926589642857,0.14,0.0,0.115125604,0,1,30.0,2765.0,3.0,1,0.136517932,31.24217586,0.03616572718003849,0.08395920381931267,0.12578622242887888,0.0257370294076035
MO12 1A,7.994,2.0,1380.0,0.5,64.0,225.0,103.0,195.0,92.0,15.452439560239064,0,21.75,1.6118,0.165001514,4.144715266923901,0.0635497642142857,0.1,5.0,0.066802891,1,1,20.0,4635.0,4.0,0,0.178495353,18.97645716,0.0336988285096698,0.1072128510587924,0.10312181782395628,0.0395357198543578
MO12 1B,7.943,1.9,1410.0,1.0,59.0,285.0,94.0,195.0,91.0,15.847051199687892,0,15.25,1.46772,0.179883437,2.4667939295129973,0.1747532291428571,0.87,5.0,0.118319554,1,1,20.0,4635.0,4.0,0,0.215093783,20.78808981,0.0301124802830315,0.1147626699978339,0.11440438361319287,0.0410971777844301
MO12 1C,7.92,1.4,1570.0,1.3,55.0,315.0,85.0,173.0,91.0,15.38047808667797,0,11.75,1.54282,0.158983434,3.2996131260516446,0.0981938185714285,0.04,3.0,0.122761704,1,1,20.0,4635.0,4.0,0,0.206843449,33.48223629,0.037866686554543796,0.0945970906471816,0.1151055236692988,0.0424996005659459
MO54 3A,7.946,1.9,1850.0,0.7,54.0,1745.0,79.0,229.0,91.0,22.865681058001037,0,48.33333333,1.0235,0.1736445,3.46226154680047,0.1169387333214285,0.37,5.0,0.016158861,1,2,23.0,1530.0,5.0,1,0.156287597,6.172381697,0.04107317372974809,0.0855995408024401,0.09663257928998921,0.0323536238616216
MC12 1A,8.091,1.2,1070.0,1.2,34.0,200.0,49.0,153.0,93.0,10.174057136344388,0,17.75,1.6512,0.151342441,1.4180059619127932,0.5433245204642857,0.26,3.0,0.104495348,0,0,27.0,316.0,4.0,0,0.188312677,64.19398943,0.03745976527744401,0.08129548747454762,0.1115629547690261,0.0343679838900812
MC12 1C,8.154,1.4,1120.0,1.0,45.0,150.0,58.0,150.0,93.0,10.791252390421166,0,17.25,1.4519,0.158573619,0.835914387850364,0.1118715002857142,0.02,2.0,0.1243174,0,0,27.0,316.0,4.0,0,0.148274628,65.58069072,0.037245869817400495,0.08632689445750079,0.1086553772300456,0.0344523648260186
MO10 1B,7.811,1.1,1010.0,1.4,112.0,160.0,50.0,126.0,91.0,11.467086159063722,0,18.75,1.5923,0.144407258,2.4209045064205643,0.1560323702857143,0.03,0.0,0.091298714,1,2,30.0,5385.0,6.0,0,0.182588587,31.95250244,0.04331954334791185,0.087491847070164,0.1053599558115671,0.037853210679545696
MO10 1C,8.055,1.5,1050.0,0.9,89.0,150.0,52.0,162.0,92.0,10.0450142,0,19.5,1.5228,0.130204511,1.06124804500376,0.1409083994285714,0.16,0.0,0.105865825,1,2,30.0,5385.0,6.0,0,0.17942072,31.66796428,0.0342647640979728,0.08227289473591749,0.1066156377283414,0.0289806083107334
MC10 1A,8.077,1.6,1130.0,0.5,64.0,215.0,66.0,172.0,92.0,11.61058600896012,0,28.25,1.3263,0.171040828,1.5672745246133564,0.08214537325,0.32,2.0,0.102532416,0,1,25.0,2765.0,7.0,0,0.020566738,14.54728328,0.031244303691261202,0.0906262722538035,0.10448445445287974,0.0341248711512713
MC10 1B,8.005,1.8,1470.0,0.7,91.0,245.0,71.0,189.0,91.0,13.236468493206218,0,35.5,1.3047,0.181690684,1.1933017020681718,0.0614688995357142,0.94,5.0,0.105691281,0,1,25.0,2765.0,7.0,0,0.174466887,15.06079655,0.0298921141975668,0.1045649533109184,0.09658056662721423,0.045599095610693405
MC10 1C,8.02,1.9,1360.0,0.8,75.0,245.0,74.0,192.0,92.0,13.13847634385813,0,26.75,1.2797,0.188088748,2.063671729976862,0.0763416222857142,0.37,0.0,0.099568083,0,1,25.0,2765.0,7.0,0,0.16363045,11.72950767,0.03799356577740341,0.08240667166893141,0.0949966734257964,0.0352100102152849
MO15 1A,7.764,1.6,1520.0,1.8,105.0,235.0,142.0,173.0,85.0,17.35594045871132,0,8.75,1.413,0.141026113,4.335639074451227,0.5723114708214286,0.61,7.0,0.099477226,1,2,25.0,1065.0,3.0,3,0.265939919,25.64029656,0.049543928310286596,0.08061952644928551,0.1052726913747289,0.0298788538278199
MO54 3B,7.943,2.0,1820.0,0.7,87.0,1870.0,72.0,232.0,91.0,19.519566027769176,0,49.75,1.08213,0.170141447,0.73942329218409,0.078252235,0.29,4.0,0.100528914,1,2,23.0,1530.0,5.0,1,0.196361998,11.87970656,0.030606608761276303,0.0822041745999956,0.1028904376969418,0.0278924136946868
MO15 1B,7.735,1.6,1660.0,2.4,84.0,285.0,144.0,196.0,87.0,16.73536842391197,0,15.0,1.4522,0.144445457,3.2830705344862725,0.7752945829642857,0.26,1.0,0.101905466,1,2,25.0,1065.0,3.0,3,0.189117868,36.62722794,0.051485043127867905,0.10479065690205638,0.11834647120225149,0.035442762338326196
MC15 1A,8.085,1.5,1390.0,4.3,168.0,255.0,161.0,169.0,86.0,12.851649376063389,0,21.25,1.4452,0.144734149,0.9338115937756636,0.4215798173214286,0.16,2.0,0.089950322,0,1,29.0,6845.0,6.0,1,0.225159805,32.3679973,0.043816223235272095,0.08203289859291932,0.10201565015109651,0.025410052268800703
MC15 1B,8.039,1.5,1260.0,2.7,127.0,215.0,112.0,170.0,89.0,11.62066918731164,0,16.0,1.3894,0.128187981,0.5319371896877727,0.0922021652857143,0.04,5.0,0.107629814,0,1,29.0,6845.0,6.0,1,0.130123768,24.19057143,0.034793067468071995,0.09129088795574482,0.0863286872798399,0.041481400116636695
MC15 1C,8.061,1.6,1140.0,1.9,68.0,205.0,113.0,159.0,90.0,12.824080682872111,0,29.5,1.425,0.133573089,1.1355759162099854,0.0966444716785714,0.09,3.0,0.104107289,0,1,29.0,6845.0,6.0,1,0.134694872,31.70446231,0.0519359551969988,0.08914822046612189,0.117268407061421,0.036846928174464194
MO17 1C,7.998,1.4,1190.0,2.1,120.0,245.0,81.0,143.0,92.0,12.862200759049342,0,19.75,1.4646,0.106458419,1.2876387648073098,0.1162358947857142,0.4,6.0,0.094563158,1,1,25.0,0.0,5.0,3,0.197492297,35.71366283,0.043946976649637,0.0883470681178865,0.1180725507469629,0.0330731848357667
MO54 3C,7.901,2.2,1940.0,0.8,94.0,1955.0,75.0,240.0,92.0,21.091038065627185,0,37.0,1.0543,0.169985048,3.4426340596694125,0.3005193072857143,0.03,3.0,0.102104613,1,2,23.0,1530.0,5.0,1,0.145613987,14.87669628,0.040631487791336705,0.0817101312825061,0.10701524602559301,0.0272850313925977
MO26 1A,7.779,1.8,2310.0,3.4,110.0,470.0,110.0,202.0,88.0,21.440043782986105,0,22.5,1.3837,0.157877417,3.415754848492205,0.0726159263571429,0.19,1.0,0.098472333,1,2,21.0,2610.0,4.0,3,0.355171203,37.97859658,0.031042762654780096,0.08668721856263799,0.11172410564789849,0.0476356857687512
MO26 1C,7.784,1.7,2150.0,1.7,106.0,415.0,111.0,178.0,86.0,20.559554421435987,0,14.25,1.3845,0.16227946,3.581146771856361,0.0692644087857143,0.13,0.0,0.108018509,1,2,21.0,2610.0,4.0,3,0.241715371,36.09981322,0.0293307762326897,0.09099007175977461,0.1278072806980862,0.059045297365488
MC26 2A,8.01,1.1,1060.0,2.2,91.0,210.0,64.0,125.0,90.0,11.305628842436876,0,28.25,1.407,0.17378162,0.5164660871064569,0.0707881757142857,0.64,4.0,0.101503723,0,1,26.0,0.0,5.0,1,0.187056406,25.13979182,0.0319309413661668,0.083243795737646,0.1365100962992874,0.0386258282471825
MC26 2B,8.042,1.1,1060.0,2.2,117.0,255.0,66.0,127.0,90.0,11.971229356708834,0,17.5,1.4053,0.171660107,0.7586951857939647,0.0596121021428571,0.37,3.0,0.091380458,0,1,26.0,0.0,5.0,1,0.164591042,43.38414826,0.0404312525443251,0.07345207399275451,0.1030874510603887,0.0315448609751436
MC26 2C,8.052,1.1,930.0,1.8,77.0,265.0,62.0,130.0,91.0,10.852910532745485,0,28.0,1.36,0.187962052,0.6777769961816525,0.0237488502142857,0.04,2.0,0.087258703,0,1,26.0,0.0,5.0,1,0.153654633,29.39366063,0.024232318926399498,0.0868303701493439,0.10535516269864499,0.040868758376116296
MO08 1A,7.945,1.2,1600.0,3.1,41.0,315.0,54.0,150.0,93.0,14.161255420650114,0,9.5,1.5286,0.130341813,2.465449495213929,0.1047718429642857,0.27,2.0,0.103413263,1,1,22.0,0.0,7.0,0,0.203485051,33.27516118,0.0438328018747749,0.08975429816405661,0.1233901067038348,0.030266916117757895
MO08 1B,7.939,1.3,1620.0,2.9,43.0,275.0,49.0,157.0,94.0,14.175537588800251,0,15.5,1.4562,0.122631579,1.592359129505604,0.5006590831428571,0.21,0.0,0.105557789,1,1,22.0,0.0,7.0,0,0.147850303,35.88716149,0.05082512998758619,0.08179946423062351,0.11856508641043409,0.0367272631037846
MO08 1C,7.945,1.4,1480.0,1.5,53.0,345.0,52.0,158.0,92.0,15.960793807463498,0,15.0,1.3016,0.143829918,2.372267525769834,0.2515894094285714,0.06,2.0,0.084878679,1,1,22.0,0.0,7.0,0,0.225931021,29.93252903,0.042843961387271305,0.0624304942209083,0.12462926038866862,0.032055155278790104
SO19 1A,5.463,0.6,740.0,7.6,85.0,150.0,28.0,23.0,57.0,8.06,1,11.0,1.4927,0.059813924,2.3721735993243147,0.1427681818571428,0.01,3.0,0.093709213,1,2,21.0,2325.0,7.0,1,0.107491823,21.51203644,0.05527368819534163,0.05997057797338928,0.12203050530477211,0.013938089914854318
SC19 1B,6.183,0.7,1180.0,1.5,47.0,210.0,37.0,33.0,58.0,16.2,1,23.5,1.4384,0.119723609,3.131142986229173,0.2319271966428571,0.02,3.0,0.109754257,0,2,19.0,3124.0,3.0,0,0.278971542,39.24887186,0.053655095243569095,0.0740945479193475,0.11698305839449662,0.021520465233802098
SC19 1C,5.853,0.6,1090.0,1.7,53.0,180.0,27.0,23.0,57.0,14.6,1,24.5,1.3933,0.118949619,3.4275246386461173,0.2924508114285714,0.15,4.0,0.103549668,0,2,19.0,3124.0,3.0,0,0.376644012,48.16285982,0.05189323697265617,0.0702612236769839,0.116303363491482,0.014815759272454699
SO99 1A,7.21,0.9,1640.0,4.9,256.0,405.0,100.0,88.0,83.0,20.8,1,21.5,1.2543,0.145635883,2.978523556256776,0.3837975633571428,0.13,7.0,0.110076123,1,1,27.0,1240.0,3.0,2,0.700261931,56.34949878,0.04546373000579355,0.08268324849958471,0.1146719733628747,0.0275108549309018
SO99 1C,6.986,0.8,1560.0,3.3,88.0,290.0,76.0,83.0,80.0,20.8,1,23.75,1.1612,0.148737957,4.363661387413829,0.2136075283214285,0.06,5.0,0.128362091,1,1,27.0,1240.0,3.0,2,0.180140298,46.41381813,0.046308105229980204,0.07561444489242788,0.1312456552147191,0.0268525389996011
SC99 1A,6.395,0.9,1440.0,4.9,62.0,315.0,114.0,81.0,69.0,30.2,1,14.0,1.4449,0.145231827,5.209319938814726,0.2834238551071428,0.35,3.0,0.102348996,0,1,21.0,0.0,4.0,2,0.177090071,33.36340616,0.05399265212137355,0.08722052275246339,0.11568457582048242,0.032498153515690596
SC99 1C,6.146,0.9,1660.0,5.4,128.0,285.0,101.0,67.0,69.0,37.0,1,30.0,1.3526,0.144936691,3.2903879042012427,0.1893584471785714,0.14,5.0,0.111967674,0,1,21.0,0.0,4.0,2,0.24083565,28.45997724,0.04585044160380803,0.096220969153012,0.1112085224501666,0.03833764870139401
SO08 1A,5.542,0.7,1690.0,0.6,31.0,270.0,45.0,36.0,47.0,20.5,1,23.75,1.3495,0.159891789,3.638232567921165,0.6790741336428571,0.73,0.0,0.109593927,2,2,25.0,0.0,4.0,0,0.341145298,50.69217456,0.0665266571945497,0.09494977922569767,0.1443369581745015,0.0295355683162788
SO08 1C,5.471,0.8,1750.0,0.5,14.0,290.0,44.0,42.0,57.0,23.8,1,21.25,1.3276,0.170409301,3.078445110079848,0.3026803568571429,0.6,6.0,0.111266815,2,2,25.0,0.0,4.0,0,0.222861052,44.66741858,0.05631882353652849,0.0999089706585177,0.14266343130345785,0.027791798923111007
SC08 1A,5.735,0.9,2100.0,0.7,73.0,345.0,102.0,45.0,60.0,25.3,1,32.25,1.2343,0.198030685,3.9070471949269927,0.2870711571785714,0.8,2.0,0.134100266,0,2,25.0,2485.0,4.0,0,0.345137232,60.47960046,0.04675249785794743,0.12136768659854541,0.1417677530653849,0.0346193385587873
SC08 1B,5.71,1.0,2520.0,0.6,122.0,485.0,135.0,52.0,71.0,28.7,1,29.5,1.1189,0.213602619,4.846728751989357,0.3322701673214286,0.58,3.0,0.124559464,0,2,25.0,2485.0,4.0,0,0.550736928,58.55901464,0.0515315772809481,0.0970494634544059,0.1344783255543472,0.029662596347001698
SC08 1C,5.844,0.8,2120.0,0.6,90.0,375.0,105.0,48.0,73.0,26.1,1,32.5,1.1341,0.179802459,4.387645905627242,0.3418346913571429,0.73,3.0,0.119876084,0,2,25.0,2485.0,4.0,0,0.298672615,70.52522518,0.05380440091160625,0.10822542147414971,0.1189894724675874,0.0357837768336242
SO35 1B,6.556,0.8,1320.0,1.2,35.0,300.0,199.0,78.0,73.0,28.5,1,6.75,1.3519,0.137281868,2.8552510857266937,0.1005367572142857,0.08,4.0,0.11444759,1,2,22.0,1846.0,7.0,0,0.143580638,25.27773951,0.0359237711686721,0.069592553269026,0.12857136858842672,0.023262635739531398
SC35A 1A,6.832,0.7,1190.0,1.2,50.0,240.0,171.0,72.0,78.0,23.9,1,26.25,1.3356,0.113657222,2.083831690371135,0.1623938580714285,0.17,5.0,0.109431937,0,1,22.0,4476.0,7.0,0,0.143992066,31.12589208,0.043296130314729,0.06814073023495221,0.1207541570393721,0.0221602854976989
SC35A 1B,6.897,0.9,1130.0,1.5,35.0,250.0,177.0,72.0,75.0,23.9,1,21.25,1.5055,0.109736541,3.2990284984559435,0.1506937769642857,0.34,5.0,0.108813342,0,1,22.0,4476.0,7.0,0,0.124024775,31.9661324,0.03392316841411275,0.07213410752278859,0.10988789561628201,0.027150118082740603
SC35A 1C,6.95,0.7,950.0,1.8,41.0,210.0,163.0,68.0,75.0,19.1,1,25.75,1.3589,0.090150288,3.372737748400048,0.1784093098214286,0.29,4.0,0.107487606,0,1,22.0,4476.0,7.0,0,0.091962074,23.05838757,0.0434566924366915,0.0728713192330276,0.11105286472554468,0.022987092397784802
SO34 1B,5.908,0.8,1650.0,2.7,15.0,280.0,46.0,66.0,79.0,27.0,1,24.25,1.2832,0.15651668,3.263363520353441,0.2927343475714285,0.14,1.0,0.123048566,1,2,18.0,0.0,4.0,2,0.422803204,55.97718089,0.04123755056272102,0.0773688070249536,0.1357303852362503,0.0240041088767385
SO34 1C,5.801,0.9,1670.0,2.5,11.0,305.0,38.0,67.0,78.0,28.4,1,22.5,1.2241,0.151561872,3.5625275859625645,0.2548979774285714,0.05,2.0,0.130990457,1,2,18.0,0.0,4.0,2,0.335110618,62.62417357,0.055185722732747806,0.0832497049060484,0.1330171426463993,0.027655148650102386
SC34 1A,5.883,1.1,2020.0,4.9,89.0,315.0,53.0,80.0,73.0,29.8,1,18.0,1.368,0.165350003,3.7917651384106152,0.1894538545714285,0.56,4.0,0.102689098,0,1,22.0,0.0,5.0,0,0.235420686,32.02775014,0.038278049789819024,0.0715281162768183,0.1410412128842127,0.017957153435792732
SC34 1B,5.817,1.2,2340.0,4.4,122.0,325.0,68.0,74.0,66.0,40.5,1,22.0,1.2729,0.193915396,3.369767330062841,0.2773486437142857,0.06,4.0,0.116851059,0,1,22.0,0.0,5.0,0,0.377378305,46.25040159,0.047222764873920124,0.08179273068903571,0.1389593746978213,0.0257087496092879
SO52 1A,5.601,0.8,1200.0,6.6,88.0,200.0,39.0,32.0,59.0,17.1,1,30.75,1.5114,0.089457083,3.2249165337680834,0.1630535975714286,0.02,4.0,0.107239827,2,2,25.0,1224.0,4.0,0,0.194805968,13.09853158,0.0453898187818769,0.0747043635211397,0.13138444431042678,0.0221101992072094
SO52 2A,5.831,1.1,1900.0,1.4,93.0,305.0,83.0,64.0,63.0,22.3,1,18.75,1.3468,0.177873793,3.344416457693516,0.2080720229285714,0.22,5.0,0.124561271,2,2,25.0,1224.0,3.0,0,0.324213597,62.71272466,0.05311664813373901,0.0698438045159252,0.14358677877828438,0.027208178695989904
SO52 2B,5.829,1.2,2120.0,1.5,71.0,325.0,96.0,78.0,67.0,25.6,1,20.0,1.3731,0.180491303,3.873103930155216,0.2147438593571429,0.01,8.0,0.107777263,2,2,25.0,1224.0,3.0,0,0.255057588,70.46832617,0.04874874077419981,0.0767606401034636,0.13516677601183089,0.023511834742867
SO52 2C,5.855,1.3,2360.0,1.6,59.0,385.0,123.0,89.0,78.0,26.2,1,23.0,1.25817,0.189981714,4.381549445523001,0.2659771733214286,0.17,1.0,0.115997053,2,2,25.0,1224.0,3.0,0,0.29702958,69.06517654,0.046615413881981496,0.08785896384968091,0.1431673430874127,0.0283475418445225
SC05 1A,5.478,0.7,1080.0,11.1,120.0,200.0,55.0,34.0,74.0,17.1,1,20.25,1.3042,0.108251922,3.875228981284639,0.5722473481071428,0.54,5.0,0.107277947,0,2,20.0,1185.0,4.0,0,0.138187864,52.15319075,0.05572169274907798,0.1304031655428506,0.09923883694987043,0.031931717746116195
SC52 1A,6.556,0.8,1220.0,5.9,88.0,290.0,115.0,64.0,78.0,15.8,1,24.25,1.32785,0.123414421,3.22480894543437,0.0126331849999999,0.36,4.0,0.109014848,0,3,27.0,5275.0,2.0,0,0.221984187,38.34681398,0.04448523799593283,0.08428396443617961,0.13952726606373209,0.017696792256538602
SC52 1B,6.258,0.8,1310.0,5.7,89.0,240.0,93.0,56.0,77.0,17.6,1,26.75,1.1757,0.113069101,4.585530709106829,0.1163170694642857,0.0,6.0,0.106321787,0,3,27.0,5275.0,2.0,0,0.224034177,51.47798238,0.03496806541302545,0.07845337453527101,0.132177221032661,0.022396437930278998
SC52 1C,6.073,0.8,1140.0,4.6,61.0,220.0,74.0,46.0,70.0,16.8,1,25.75,1.47433,0.119933211,3.756177829843003,0.2401925401428571,0.02,6.0,0.113803332,0,3,27.0,5275.0,2.0,0,0.173839269,37.41953777,0.04845957948150738,0.0635547174078893,0.1328640694969783,0.021091036329862946
SC52 2A,6.231,0.9,1350.0,1.7,51.0,250.0,93.0,55.0,71.0,20.9,1,25.0,1.4491,0.125549026,3.5772480735219254,0.1348953843928571,0.07,5.0,0.09512884,0,3,27.0,5275.0,2.0,0,0.212234656,47.24933086,0.04013227718870821,0.07994557594416112,0.10980509273560679,0.028836907625471298
SC52 2B,6.22,0.9,1320.0,2.9,39.0,270.0,86.0,57.0,72.0,19.8,1,26.5,1.2985,0.121677201,2.456810122920176,0.0945348603571428,0.08,5.0,0.102556371,0,3,27.0,5275.0,2.0,0,0.342572171,59.4089071,0.046556022458168374,0.0749828032911035,0.1374787019176213,0.0302016689975345
SC52 2C,6.308,0.8,1250.0,2.7,52.0,220.0,76.0,55.0,76.0,18.3,1,37.25,1.4432,0.118026587,3.456265385043937,0.1078059432142857,0.17,6.0,0.10312651,0,3,27.0,5275.0,2.0,0,0.210405707,50.23696034,0.04174925557987981,0.0824342857223208,0.1116713082928709,0.0286535007132131
SC05 1B,4.7,0.7,1270.0,20.3,139.0,200.0,123.0,43.0,74.0,18.5,1,18.75,1.4258,0.075671771,3.0394264842028984,0.2155393105,0.09,4.0,0.097152548,0,2,20.0,1185.0,4.0,0,0.112998187,62.91394948,0.058775073637453906,0.06580433267462396,0.09840718979450687,0.020958766235693198
SC05 2A,6.05,0.8,1230.0,6.0,46.0,220.0,69.0,40.0,75.0,13.5,1,26.5,1.3844,0.078416613,2.8524533487497634,0.2861708890714285,0.14,7.0,0.095533983,0,2,20.0,1185.0,2.0,0,0.178547304,39.62360967,0.05049118211717253,0.0860014331897084,0.1152637295512094,0.020863767405499802
SC05 2B,5.116,0.7,1180.0,7.3,60.0,180.0,44.0,31.0,61.0,13.7,1,19.75,1.3577,0.081394049,3.1286365176723554,0.3261515411071429,0.56,6.0,0.111837043,0,2,20.0,1185.0,2.0,0,0.176905614,63.36155635,0.060917215066293016,0.06833031356715524,0.09492138708694259,0.013777854652395949
SC05 2C,4.984,0.7,1080.0,9.2,34.0,160.0,37.0,31.0,61.0,12.5,1,19.25,1.29136,0.060857726,3.2193930183040926,0.6489802385714285,0.12,6.0,0.122607972,0,2,20.0,1185.0,2.0,0,0.122056353,162.8483441,0.08209864229524595,0.055701710510971704,0.0819471344796322,0.011154125072011231
SO01 1B,5.242,0.8,1630.0,2.7,32.0,260.0,71.0,46.0,65.0,23.8,1,28.75,1.272,0.123150086,2.340175017210586,0.1446285693214285,0.08,7.0,0.104170691,1,4,30.0,2130.0,4.0,4,0.151277901,34.5913546,0.04950409792338895,0.0846130196874361,0.11100918788898412,0.018556470053104502
SO01 1C,5.747,0.9,1340.0,3.2,32.0,240.0,83.0,56.0,68.0,19.8,1,20.25,1.4567,0.102725611,4.019392514771723,0.2618881746071428,0.07,3.0,0.095226138,1,4,30.0,2130.0,4.0,4,0.159814895,46.51069117,0.064549543977118,0.08332341058089829,0.112198212193258,0.0305994232070285
SC01 1A,5.925,0.7,1230.0,1.1,25.0,170.0,54.0,28.0,61.0,17.8,1,21.75,1.32137,0.013483636,3.599708316693119,0.2537893369285714,0.01,5.0,0.139548313,0,2,22.0,0.0,2.0,0,0.169599186,16.5749177,0.050932518806697934,0.060366759028426906,0.1360893977942197,0.0139596042426441
SC01 1B,5.85,0.8,1150.0,1.0,44.0,210.0,72.0,34.0,65.0,17.8,1,19.75,1.30733,0.128282342,2.477247035533092,0.2229633019999999,0.02,5.0,0.106001575,0,2,22.0,0.0,2.0,0,0.177630953,21.44173314,0.0492875194126215,0.0748944543942267,0.12072238400624599,0.018886099826519998
SO03 1A,6.141,0.7,1010.0,0.6,74.0,170.0,114.0,40.0,60.0,11.3,1,20.75,1.4775,0.099671787,4.099307963251707,0.26168575825,0.02,6.0,0.134218405,1,2,22.0,1420.0,7.0,1,0.216831551,47.94049495,0.0370050685971465,0.0755113131387059,0.1450462221055927,0.01493612886922404
SO03 1B,6.488,0.6,950.0,0.7,74.0,150.0,111.0,44.0,64.0,12.1,1,20.0,1.47677,0.100611204,3.049398214849941,0.34057069775,0.01,6.0,0.105436111,1,2,22.0,1420.0,7.0,1,0.186603408,50.33139164,0.0392131597748242,0.0809500417076241,0.10825831047339601,0.0244138046204463
SO03 1C,6.069,0.7,1140.0,1.3,55.0,200.0,110.0,40.0,63.0,11.9,1,21.25,1.4332,0.099058512,4.199991631046483,0.5786601223571429,0.11,7.0,0.096583899,1,2,22.0,1420.0,7.0,1,0.163687002,51.22499266,0.055956744216328305,0.08897237965521601,0.11086264317939268,0.0233811103313764
SC03 1B,7.043,0.7,1130.0,2.3,94.0,210.0,78.0,47.0,77.0,14.2,1,25.0,1.3968,0.094196993,3.8465233104283567,0.1013167675,0.4,5.0,0.112003021,0,2,22.0,2130.0,5.0,1,0.116493048,56.51887105,0.033326352885254804,0.0730004166868818,0.12255103173431431,0.0186636251077324
